Environment,Task,SolutionConcept,Method,Epoch,Iteration,Risk,ExpectedReward,BFViolated,RegretViolated,observe_convergence,check_CE
CaEParam,balance,DBCE,DBCE,0,0,0.0007999999797903001,0.011819999701401684,0.2500250041484833,0.00023046819842420518,False,0.00017334971926175058
CaEParam,balance,DBCE,DBCE,0,1,0.0007999999797903001,0.011819999701401684,0.2500250041484833,0.00017334971926175058,False,0.00014440991799347103
CaEParam,balance,DBCE,DBCE,0,2,0.0007999999797903001,0.011819999701401684,0.2500250041484833,0.00014440991799347103,False,0.00014251554966904223
CaEParam,balance,DBCE,DBCE,0,3,0.0007999999797903001,0.011819999701401684,0.2500250041484833,0.00014251554966904223,False,0.0001396754669258371
CaEParam,balance,DBCE,DBCE,0,4,0.0007999999797903001,0.011819999701401684,0.2500250041484833,0.0001396754669258371,False,0.00013934240269009024
CaEParam,balance,DBCE,DBCE,0,5,0.0007999999797903001,0.011819999701401684,0.2500250041484833,0.00013934240269009024,False,0.00013740935537498444
CaEParam,balance,DBCE,DBCE,0,6,0.0007999999797903001,0.011819999701401684,0.2500250041484833,0.00013740935537498444,False,0.00013671437045559287
CaEParam,balance,DBCE,DBCE,0,7,0.0007999999797903001,0.011819999701401684,0.2500250041484833,0.00013671437045559287,False,0.00013495290477294475
CaEParam,balance,DBCE,DBCE,0,8,0.0007999999797903001,0.011819999701401684,0.2500250041484833,0.00013495290477294475,False,0.00013415946159511805
